"","ID","Status"
"1",0,"Done"
"2",1,"Done"
"3",2,"Done"
"4",3,"Done"
"5",4,"Done"
"6",5,"Done"
"7",6,"Done"
"8",7,"Done"
"9",8,"Done"
"10",9,"Done"
"11",10,"Done"
"12",11,"Done"
"13",12,"Done"
"14",13,"Done"
"15",14,"Done"
"16",15,"Done"
"17",16,"Done"
"18",17,"Done"
"19",18,"Done"
"20",19,"Done"
"21",20,"Done"
"22",21,"Done"
"23",22,"Done"
"24",23,"Done"
"25",24,"Done"
"26",25,"Done"
"27",26,"Done"
"28",27,"Done"
"29",28,"Done"
"30",29,"Done"
"31",30,"Done"
"32",31,"Done"
"33",32,"Done"
"34",33,"Done"
"35",34,"Done"
"36",35,"Done"
"37",36,"Done"
"38",37,"Done"
"39",38,"Done"
"40",39,"Done"
"41",40,"Failed"
"42",41,"Failed"
"43",42,"Failed"
"44",43,"Failed"
"45",44,"Done"
"46",45,"Done"
"47",46,"Done"
"48",47,"Done"
"49",48,"Done"
"50",49,"Done"
"51",50,"Done"
"52",51,"Done"
"53",52,"Done"
"54",53,"Done"
"55",54,"Done"
"56",55,"Done"
"57",56,"Done"
"58",57,"Failed"
"59",58,"Done"
"60",59,"Done"
"61",60,"Done"
"62",63,"Failed"
"63",69,"Failed"
"64",70,"Failed"
"65",71,"Failed"
"66",73,"Failed"
"67",75,"Failed"
"68",77,"Failed"
"69",78,"Failed"
"70",83,"Failed"
"71",91,"Failed"
"72",94,"Failed"
"73",105,"Failed"
"74",108,"Failed"
"75",110,"Failed"
"76",112,"Failed"
"77",117,"Failed"
"78",118,"Failed"
"79",120,"Failed"
"80",124,"Failed"
"81",125,"Failed"
"82",126,"Failed"
"83",129,"Failed"
"84",143,"Failed"
"85",144,"Failed"
"86",150,"Failed"
"87",151,"Failed"
"88",159,"Failed"
"89",163,"Failed"
"90",166,"Failed"
"91",170,"Failed"
"92",174,"Failed"
"93",175,"Failed"
"94",187,"Failed"
"95",188,"Failed"
"96",190,"Failed"
"97",191,"Failed"
"98",194,"Failed"
"99",196,"Failed"
"100",203,"Failed"
"101",204,"Failed"
"102",205,"Failed"
"103",213,"Failed"
"104",214,"Failed"
"105",219,"Failed"
"106",412,"Done"
"107",413,"Done"
